{
	"class_name" : "PinholeCameraTrajectory",
    "parameters" :
    [
        {
          "class_name" : "PinholeCameraParameters",
          "extrinsic" :
          [
            1.0,
            -0.0,
            -0.0,
            0.0,
            0.0,
            -1.0,
            -0.0,
            0.0,
            0.0,
            -0.0,
            -1.0,
            0.0,
            -0.01476744899459248,
            -0.0095480269323012651,
            0.45027389624553255,
            1.0
          ],
          "intrinsic" : 
          {
            "height" : 1056,
            "intrinsic_matrix" : 
            [
              914.52282639636724,
              0.0,
              0.0,
              0.0,
              914.52282639636724,
              0.0,
              927.0,
              527.5,
              1.0
            ],
            "width" : 1855
          },
          "version_major" : 1,
          "version_minor" : 0
        },
        {
          "class_name" : "PinholeCameraParameters",
          "extrinsic" : 
          [
            0.99899430905511988,
            -0.0065870141686351575,
            -0.044350667636754791,
            0.0,
            0.0045477483764802514,
            -0.96916293758765848,
            0.24637881075929524,
            0.0,
            -0.044605924048134127,
            -0.24633272549704516,
            -0.96815830311422191,
            0.0,
            -0.014641427867894435,
            -0.0087821895421140439,
            0.45323291272242733,
            1.0
          ],
          "intrinsic" : 
          {
            "height" : 1056,
            "intrinsic_matrix" : 
            [
              914.52282639636724,
              0.0,
              0.0,
              0.0,
              914.52282639636724,
              0.0,
              927.0,
              527.5,
              1.0
            ],
            "width" : 1855
          },
          "version_major" : 1,
          "version_minor" : 0
        },
        {
          "class_name" : "PinholeCameraParameters",
          "extrinsic" : 
          [
            0.9358966219436996,
            -0.020938981954985343,
            0.35165191890427783,
            0.0,
            -0.056983829187031376,
            -0.99408393551184193,
            0.092466060630220101,
            0.0,
            0.34763537829967078,
            -0.10657714666839747,
            -0.93155298054510449,
            0.0,
            -0.014892878433445556,
            -0.0090204551470075833,
            0.44585980536535097,
            1.0
          ],
          "intrinsic" : 
          {
            "height" : 1056,
            "intrinsic_matrix" : 
            [
              914.52282639636724,
              0.0,
              0.0,
              0.0,
              914.52282639636724,
              0.0,
              927.0,
              527.5,
              1.0
            ],
            "width" : 1855
          },
          "version_major" : 1,
          "version_minor" : 0
        },
        {
          "class_name" : "PinholeCameraParameters",
          "extrinsic" : 
          [
            0.89586436631373179,
            0.015961245603535235,
            -0.4440408492561011,
            0.0,
            -0.023117739585160075,
            -0.99632670184590721,
            -0.082454067851922955,
            0.0,
            -0.44372582445218195,
            0.084132881964428252,
            -0.89220460147131675,
            0.0,
            -0.012776428005286972,
            -0.0098764423397123408,
            0.45588025319907388,
            1.0
          ],
          "intrinsic" : 
          {
            "height" : 1056,
            "intrinsic_matrix" : 
            [
              914.52282639636724,
              0.0,
              0.0,
              0.0,
              914.52282639636724,
              0.0,
              927.0,
              527.5,
              1.0
            ],
            "width" : 1855
          },
          "version_major" : 1,
          "version_minor" : 0
        },
        {
          "class_name" : "PinholeCameraParameters",
          "extrinsic" : 
          [
            0.96202359167263485,
            0.27284290861349014,
            0.008207087462326814,
            0.0,
            0.19979468366590178,
            -0.68333793807254406,
            -0.70223311426449142,
            0.0,
            -0.18599111119654577,
            0.67720455521953982,
            -0.71189978012763822,
            0.0,
            -0.012016505436203993,
            -0.011582263109308016,
            0.443010190322915,
            1.0
          ],
          "intrinsic" : 
          {
            "height" : 1056,
            "intrinsic_matrix" : 
            [
              914.52282639636724,
              0.0,
              0.0,
              0.0,
              914.52282639636724,
              0.0,
              927.0,
              527.5,
              1.0
            ],
            "width" : 1855
          },
          "version_major" : 1,
          "version_minor" : 0
        },
        {
          "class_name" : "PinholeCameraParameters",
          "extrinsic" : 
          [
            0.9780879883664968,
            0.14554105565617098,
            -0.14886802252890657,
            0.0,
            0.18442790364657374,
            -0.93746330383177456,
            0.29520992924585721,
            0.0,
            -0.096593143492226197,
            -0.31619670315691345,
            -0.9437634288014074,
            0.0,
            -0.012536235929493565,
            -0.010619954475491772,
            0.45520555725505768,
            1.0
          ],
          "intrinsic" : 
          {
            "height" : 1056,
            "intrinsic_matrix" : 
            [
              914.52282639636724,
              0.0,
              0.0,
              0.0,
              914.52282639636724,
              0.0,
              927.0,
              527.5,
              1.0
            ],
            "width" : 1855
          },
          "version_major" : 1,
          "version_minor" : 0
        },
        {
          "class_name" : "PinholeCameraParameters",
          "extrinsic" : 
          [
            0.94502882557202694,
            -0.28108419624186581,
            0.16706942706856917,
            0.0,
            -0.063564365295416675,
            -0.65910798465372089,
            -0.74935721523870136,
            0.0,
            0.32074926391582964,
            0.69754450695907189,
            -0.64074298319113798,
            0.0,
            -0.01504973420850382,
            -0.003201716974330554,
            0.44010618348094954,
            1.0
          ],
          "intrinsic" : 
          {
            "height" : 1056,
            "intrinsic_matrix" : 
            [
              914.52282639636724,
              0.0,
              0.0,
              0.0,
              914.52282639636724,
              0.0,
              927.0,
              527.5,
              1.0
            ],
            "width" : 1855
          },
          "version_major" : 1,
          "version_minor" : 0
        }
    ],
	"version_major" : 1,
	"version_minor" : 0
}