{
	"class_name" : "PinholeCameraParameters",
	"extrinsic" : 
	[
		0.94502882557202694,
		-0.28108419624186581,
		0.16706942706856917,
		0.0,
		-0.063564365295416675,
		-0.65910798465372089,
		-0.74935721523870136,
		0.0,
		0.32074926391582964,
		0.69754450695907189,
		-0.64074298319113798,
		0.0,
		-0.01504973420850382,
		-0.003201716974330554,
		0.44010618348094954,
		1.0
	],
	"intrinsic" : 
	{
		"height" : 1056,
		"intrinsic_matrix" : 
		[
			914.52282639636724,
			0.0,
			0.0,
			0.0,
			914.52282639636724,
			0.0,
			927.0,
			527.5,
			1.0
		],
		"width" : 1855
	},
	"version_major" : 1,
	"version_minor" : 0
}