{
	"class_name" : "PinholeCameraParameters",
	"extrinsic" : 
	[
		0.93661650533009211,
		0.18862634613232476,
		0.29524502279973164,
		0.0,
		0.11189736285711749,
		-0.95961528876308888,
		0.25810361825777683,
		0.0,
		0.33200678024532604,
		-0.20870696949767159,
		-0.91989830892019242,
		0.0,
		0.0010801400455872912,
		-0.0018565816878322733,
		0.53234126862896836,
		1.0
	],
	"intrinsic" : 
	{
		"height" : 1056,
		"intrinsic_matrix" : 
		[
			914.52282639636724,
			0.0,
			0.0,
			0.0,
			914.52282639636724,
			0.0,
			927.0,
			527.5,
			1.0
		],
		"width" : 1855
	},
	"version_major" : 1,
	"version_minor" : 0
}